시도명,시군구명,동리명
경기도,용인시,용인시
경기도,용인시 처인구,용인시처인구
경기도,용인시 처인구,포곡읍
경기도,용인시 처인구,삼계리
경기도,용인시 처인구,금어리
경기도,용인시 처인구,둔전리
경기도,용인시 처인구,영문리
경기도,용인시 처인구,마성리
경기도,용인시 처인구,가실리
경기도,용인시 처인구,전대리
경기도,용인시 처인구,유운리
경기도,용인시 처인구,신원리
경기도,용인시 처인구,모현면
경기도,용인시 처인구,왕산리
경기도,용인시 처인구,갈담리
경기도,용인시 처인구,초부리
경기도,용인시 처인구,일산리
경기도,용인시 처인구,매산리
경기도,용인시 처인구,동림리
경기도,용인시 처인구,능원리
경기도,용인시 처인구,오산리
경기도,용인시 처인구,남사면
경기도,용인시 처인구,봉무리
경기도,용인시 처인구,북리
경기도,용인시 처인구,통삼리
경기도,용인시 처인구,봉명리
경기도,용인시 처인구,진목리
경기도,용인시 처인구,원암리
경기도,용인시 처인구,전궁리
경기도,용인시 처인구,방아리
경기도,용인시 처인구,창리
경기도,용인시 처인구,아곡리
경기도,용인시 처인구,완장리
경기도,용인시 처인구,이동면
경기도,용인시 처인구,송전리
경기도,용인시 처인구,어비리
경기도,용인시 처인구,묘봉리
경기도,용인시 처인구,화산리
경기도,용인시 처인구,시미리
경기도,용인시 처인구,덕성리
경기도,용인시 처인구,묵리
경기도,용인시 처인구,천리
경기도,용인시 처인구,서리
경기도,용인시 처인구,원삼면
경기도,용인시 처인구,고당리
경기도,용인시 처인구,사암리
경기도,용인시 처인구,좌항리
경기도,용인시 처인구,맹리
경기도,용인시 처인구,미평리
경기도,용인시 처인구,두창리
경기도,용인시 처인구,독성리
경기도,용인시 처인구,죽능리
경기도,용인시 처인구,목신리
경기도,용인시 처인구,학일리
경기도,용인시 처인구,문촌리
경기도,용인시 처인구,가재월리
경기도,용인시 처인구,백암면
경기도,용인시 처인구,백암리
경기도,용인시 처인구,박곡리
경기도,용인시 처인구,백봉리
경기도,용인시 처인구,고안리
경기도,용인시 처인구,옥산리
경기도,용인시 처인구,장평리
경기도,용인시 처인구,석천리
경기도,용인시 처인구,용천리
경기도,용인시 처인구,근삼리
경기도,용인시 처인구,근창리
경기도,용인시 처인구,근곡리
경기도,용인시 처인구,가창리
경기도,용인시 처인구,가좌리
경기도,용인시 처인구,양지면
경기도,용인시 처인구,양지리
경기도,용인시 처인구,남곡리
경기도,용인시 처인구,평창리
경기도,용인시 처인구,제일리
경기도,용인시 처인구,추계리
경기도,용인시 처인구,식금리
경기도,용인시 처인구,정수리
경기도,용인시 처인구,대대리
경기도,용인시 처인구,주북리
경기도,용인시 처인구,송문리
경기도,용인시 처인구,김량장동
경기도,용인시 처인구,남동
경기도,용인시 처인구,역북동
경기도,용인시 처인구,삼가동
경기도,용인시 처인구,유방동
경기도,용인시 처인구,고림동
경기도,용인시 처인구,마평동
경기도,용인시 처인구,운학동
경기도,용인시 처인구,호동
경기도,용인시 처인구,해곡동
경기도,용인시 기흥구,용인시기흥구
경기도,용인시 기흥구,신갈동
경기도,용인시 기흥구,하갈동
경기도,용인시 기흥구,영덕동
경기도,용인시 기흥구,구갈동
경기도,용인시 기흥구,상갈동
경기도,용인시 기흥구,보라동
경기도,용인시 기흥구,지곡동
경기도,용인시 기흥구,공세동
경기도,용인시 기흥구,고매동
경기도,용인시 기흥구,농서동
경기도,용인시 기흥구,서천동
경기도,용인시 기흥구,언남동
경기도,용인시 기흥구,청덕동
경기도,용인시 기흥구,마북동
경기도,용인시 기흥구,동백동
경기도,용인시 기흥구,중동
경기도,용인시 기흥구,상하동
경기도,용인시 기흥구,보정동
경기도,용인시 수지구,용인시수지구
경기도,용인시 수지구,풍덕천동
경기도,용인시 수지구,풍덕천동
경기도,용인시 수지구,신봉동
경기도,용인시 수지구,죽전동
경기도,용인시 수지구,죽전동
경기도,용인시 수지구,동천동
경기도,용인시 수지구,고기동
경기도,용인시 수지구,상현동
경기도,용인시 수지구,상현동
경기도,용인시 수지구,성복동
